ID,GENERATED,GROUND_TRUTH,BLEU_SCORE,R1_PRECISION,R1_RECALL,R1_F1_SCORE,R2_PRECISION,R2_RECALL,R2_F1_SCORE,RL_PRECISION,RL_RECALL,RL_F1_SCORE
0,How satisfied are you with your current job?,Did you get support from your teammates?,,0.25,0.2857142857142857,0.26666666666666666,0.0,0.0,0.0,0.25,0.2857142857142857,0.26666666666666666
0,How satisfied are you with your current job?,What worked the most for you (put at the top what worked the best),,0.125,0.07142857142857142,0.09090909090909091,0.0,0.0,0.0,0.125,0.07142857142857142,0.09090909090909091
0,How satisfied are you with your current job?,What could we do better?,,0.0,0.0,0.0,0.0,0.0,0.0,0.0,0.0,0.0
0,How satisfied are you with your current job?,What are the expectations for the next months?,,0.125,0.125,0.125,0.0,0.0,0.0,0.125,0.125,0.125
1,What is the most important thing that motivates you at work?,Did you get support from your teammates?,,0.09090909090909091,0.14285714285714285,0.1111111111111111,0.0,0.0,0.0,0.09090909090909091,0.14285714285714285,0.1111111111111111
1,What is the most important thing that motivates you at work?,What worked the most for you (put at the top what worked the best),,0.5454545454545454,0.42857142857142855,0.4799999999999999,0.1,0.07692307692307693,0.08695652173913043,0.5454545454545454,0.42857142857142855,0.4799999999999999
1,What is the most important thing that motivates you at work?,What could we do better?,,0.09090909090909091,0.2,0.12500000000000003,0.0,0.0,0.0,0.09090909090909091,0.2,0.12500000000000003
1,What is the most important thing that motivates you at work?,What are the expectations for the next months?,,0.18181818181818182,0.25,0.2105263157894737,0.0,0.0,0.0,0.18181818181818182,0.25,0.2105263157894737
