ID,GENERATED,GROUND_TRUTH,R1_PRECISION,R1_RECALL,R1_F1_SCORE,R2_PRECISION,R2_RECALL,R2_F1_SCORE,RL_PRECISION,RL_RECALL,RL_F1_SCORE
0,How would you rate your manager's communication skills?,Soft Skill first impression,0.1111111111111111,0.25,0.15384615384615383,0.0,0.0,0.0,0.1111111111111111,0.25,0.15384615384615383
0,How would you rate your manager's communication skills?,What are the areas I would like you to be focused in the next months,0.2222222222222222,0.13333333333333333,0.16666666666666669,0.0,0.0,0.0,0.2222222222222222,0.13333333333333333,0.16666666666666669
0,How would you rate your manager's communication skills?,What are the areas I would like you to improve,0.2222222222222222,0.2,0.2105263157894737,0.0,0.0,0.0,0.2222222222222222,0.2,0.2105263157894737
1,Did your manager provide clear expectations and goals for you to work towards?,Soft Skill first impression,0.0,0.0,0.0,0.0,0.0,0.0,0.0,0.0,0.0
1,Did your manager provide clear expectations and goals for you to work towards?,What are the areas I would like you to be focused in the next months,0.15384615384615385,0.13333333333333333,0.14285714285714288,0.08333333333333333,0.07142857142857142,0.07692307692307691,0.15384615384615385,0.13333333333333333,0.14285714285714288
1,Did your manager provide clear expectations and goals for you to work towards?,What are the areas I would like you to improve,0.15384615384615385,0.2,0.17391304347826086,0.08333333333333333,0.1111111111111111,0.09523809523809525,0.15384615384615385,0.2,0.17391304347826086
2,What could your manager do to improve the team's performance?,Soft Skill first impression,0.0,0.0,0.0,0.0,0.0,0.0,0.0,0.0,0.0
2,What could your manager do to improve the team's performance?,What are the areas I would like you to be focused in the next months,0.2727272727272727,0.2,0.23076923076923075,0.0,0.0,0.0,0.2727272727272727,0.2,0.23076923076923075
2,What could your manager do to improve the team's performance?,What are the areas I would like you to improve,0.36363636363636365,0.4,0.380952380952381,0.1,0.1111111111111111,0.10526315789473685,0.2727272727272727,0.3,0.28571428571428564
