QUESTIONNAIRE_ID,BLEU_SCORE,ROUGE_L_PRECISION,ROUGE_L_RECALL,ROUGE_L_F1
1173004,0.08566951156599441,0.40007215007215,0.4000721500721501,0.3932361541107671
500100014,0.008253704854826013,0.25833333333333336,0.25833333333333336,0.2569444444444445
500100033,0.005803702354411479,0.21588827838827837,0.21588827838827837,0.20522687189353858
500100043,0.04143945471839766,0.2850616744366745,0.2850616744366744,0.2762100084235791
500100051,0.013641831324115158,0.23095238095238094,0.23095238095238094,0.22804972804972803
500100063,0.30853155072905597,0.7833333333333333,0.7833333333333333,0.7820467836257309
