QUESTIONNAIRE_ID,VARIABILITY
1173004,0.5
500100014,1.0
500100033,0.3333333333333333
500100043,1.0
500100051,0.6666666666666666
500100063,1.0
