QUESTIONNAIRE_ID,SAMPLE_QUESTIONNAIRE_ID,BLEU_SCORE,ROUGE_L_PRECISION,ROUGE_L_RECALL,ROUGE_L_F1
1173002,1146002,0.002879043652819322,0.06483843537414966,0.054233776844070956,0.058050378057832655
500100007,500100028,0.0054162706199619775,0.13095238095238096,0.11595368916797488,0.11961556300842013
500100014,500100005,0.0044725136704173276,0.10851883942059895,0.14418076195728882,0.1162754007581365
500100023,1173005,0.004390788778186488,0.0854215229215229,0.10714285714285715,0.09294350548736514
500100028,500100016,0.006098538100058454,0.11193181818181819,0.1484577922077922,0.12426243404322554
500100029,500100054,0.004158528740558848,0.11479591836734696,0.11319512549489666,0.10747387017493616
500100060,500100033,0.008952951748012555,0.16686289900575615,0.1644260605726771,0.16369054656880722
