QUESTIONNAIRE_ID,SERENDIPITY_SCORE
1433792,0.5
5100003,0.6
500100004,0.4
500100006,1.0
500100008,1.0
500100009,1.0
500100010,1.0
500100012,1.0
500100013,0.4
500100019,0.5
500100021,0.5
500100023,0.3333333333333333
500100024,0.3333333333333333
500100025,0.3333333333333333
500100026,0.3333333333333333
500100034,1.0
500100035,1.0
500100036,1.0
500100037,0.5
500100038,1.0
500100043,0.75
500100044,0.3333333333333333
500100045,0.75
