QUESTIONNAIRE_ID,BLEU_SCORE,ROUGE_L_PRECISION,ROUGE_L_RECALL,ROUGE_L_F1
1173004,0.21704543754390318,0.3922558922558923,0.3922558922558923,0.3908103592314119
