QUESTIONNAIRE_ID,BLEU_SCORE,ROUGE_L_PRECISION,ROUGE_L_RECALL,ROUGE_L_F1
1173001,0.002169737259874898,0.05271614069690992,0.05271614069690993,0.05083546333059229
1173004,0.13470005301591007,0.39074074074074083,0.3907407407407408,0.3796296296296296
1213249,0.012400517741219752,0.30952380952380953,0.30952380952380953,0.30769230769230765
