QUESTIONNAIRE_ID,BLEU_SCORE,ROUGE_L_PRECISION,ROUGE_L_RECALL,ROUGE_L_F1
1173004,0.014767557806253726,0.2738095238095238,0.2738095238095238,0.25814536340852134
1213249,0.009105705589939003,0.2777777777777778,0.2777777777777778,0.26666666666666666
