QUESTIONNAIRE_ID,BLEU_SCORE,ROUGE_L_PRECISION,ROUGE_L_RECALL,ROUGE_L_F1
1173003,0.005906526736139074,0.12295454545454547,0.12295454545454546,0.12208822710370698
1173004,0.009199607455429552,0.21296296296296294,0.21296296296296294,0.19126984126984126
1173005,0.006496761058952417,0.16374158249158247,0.16374158249158247,0.149951639223689
1213249,0.006197723703538572,0.375,0.375,0.3333333333333333
500000005,0.030283020842487695,0.3392857142857143,0.3392857142857143,0.33646358543417365
