QUESTIONNAIRE_ID,BLEU_SCORE,ROUGE_L_PRECISION,ROUGE_L_RECALL,ROUGE_L_F1
1173004,0.00888458005855316,0.2476042476042476,0.2476042476042476,0.24393939393939393
1173005,0.01358774437353489,0.25092592592592594,0.250925925925926,0.24517543859649127
500100016,0.004797592514698422,0.22509920634920633,0.22509920634920633,0.1981998765280499
500100020,0.0048332456099290004,0.08642857142857144,0.08642857142857144,0.08279411764705882
500100022,0.004131034081404652,0.07058682058682059,0.07058682058682059,0.06278090686692837
500100035,0.0021517349428113175,0.06419753086419752,0.06419753086419754,0.062141099641099644
500100050,0.025347236459268518,0.29300976800976797,0.293009768009768,0.2810923663166226
