QUESTIONNAIRE_ID,SERENDIPITY_SCORE
1173003,0.75
1173004,1.0
1173005,0.25
500100016,1.0
500100020,0.8
500100022,0.42857142857142855
500100028,0.8333333333333334
500100035,0.5714285714285714
500100047,1.0
500100049,0.8
500100050,1.0
500100056,1.0
