QUESTIONNAIRE_ID,SERENDIPITY_SCORE
1173003,1.0
1173004,1.0
1173005,0.5
500100016,1.0
500100020,0.8
500100022,0.5714285714285714
500100028,1.0
500100035,0.5714285714285714
500100047,1.0
500100049,0.8
500100050,1.0
500100056,1.0
