QUESTIONNAIRE_ID,SAMPLE_QUESTIONNAIRE_ID,BLEU_SCORE,ROUGE_L_PRECISION,ROUGE_L_RECALL,ROUGE_L_F1
1173001,1173002,0.0061653448019071255,0.08022792022792023,0.07886363636363636,0.07749961684822784
1173004,1433792,0.004186803919426112,0.07092592592592592,0.08458458208458208,0.07588635086935781
1213249,1173005,0.00832682961424315,0.21130952380952378,0.175,0.185485347985348
