QUESTIONNAIRE_ID,ASW_BLEU_SCORE_MEAN,ASW_BLEU_SCORE_VAR,QST_BLEU_SCORE_MEAN,QST_BLEU_SCORE_VAR
1146002,,,,
1146004,,,,
1173001,0.0,0.0,0.0733552138461436,2.3757347903614113e-05
1173002,,,,
1173003,,,,
1173004,0.0,0.0,0.07317195853945486,4.9305100300474404e-05
1173005,,,,
1213249,0.0,0.0,0.20134453450884385,0.05646338439863421
1433792,,,,
5100002,,,,
5100003,,,,
500000002,,,,
500000003,,,,
500000005,,,,
