QUESTIONNAIRE_ID,ASW_ROUGE_SCORE_MEAN,ASW_ROUGE_SCORE_VAR,QST_ROUGE_SCORE_MEAN,QST_ROUGE_SCORE_VAR
1146002,,,,
1146004,,,,
1173001,0.0,0.0,0.28173374613003094,0.010140996271410626
1173002,,,,
1173003,,,,
1173004,,,,
1173005,,,,
1213249,,,,
1433792,,,,
5100002,,,,
5100003,,,,
500000002,,,,
500000003,,,,
500000005,,,,
