QUESTIONNAIRE_ID,ASW_ROUGE_SCORE_MEAN,ASW_ROUGE_SCORE_VAR,QST_ROUGE_SCORE_MEAN,QST_ROUGE_SCORE_VAR
1146002,,,,
1146004,,,,
1173001,0.0,0.0,0.28173374613003094,0.010140996271410626
1173002,,,,
1173003,,,,
1173004,0.0,0.0,0.2320802005012531,0.0021851621535040533
1173005,,,,
1213249,0.0,0.0,0.4096109839816934,0.07926941021841243
1433792,,,,
5100002,,,,
5100003,,,,
500000002,,,,
500000003,,,,
500000005,,,,
