QUESTIONNAIRE_ID,BLEU_SCORE,ROUGE_L_PRECISION,ROUGE_L_RECALL,ROUGE_L_F1
1433792,0.10692923871783859,0.37089678839678836,0.37089678839678836,0.3626254511677677
5100003,0.03122548656437108,0.3156771799628943,0.31567717996289424,0.31404932886299347
500100023,0.03408898218308069,0.2872728149043939,0.2872728149043938,0.2760589000279365
500100028,0.03710582559331362,0.3021164021164021,0.3021164021164021,0.2983970879208975
500100047,0.032832127397324704,0.29726731601731604,0.297267316017316,0.28777900932657674
500100048,0.022658667167062666,0.27196776437847864,0.2719677643784787,0.25816530361537415
500100064,0.03060222581310274,0.24717948717948718,0.24717948717948718,0.2441340594888982
