QUESTIONNAIRE_ID,SAMPLE_QUESTIONNAIRE_ID,BLEU_SCORE,ROUGE_L_PRECISION,ROUGE_L_RECALL,ROUGE_L_F1
1433792,500000002,0.03557712617566712,0.271709765928516,0.2913530393217893,0.27470748547275065
5100003,500100060,0.00733374771839041,0.1695524713381856,0.1832377443984587,0.17246538676709236
500100023,500100036,0.012766278377520176,0.1353205958880301,0.12176625457875458,0.1248059651660317
500100028,500100036,0.013964347223376,0.1629884004884005,0.15270949288806432,0.15569589578636794
500100047,500100014,0.006172490532500618,0.16307960557960555,0.2628107448107448,0.19183069281472023
500100048,500100002,0.019568783827354736,0.16495385401635404,0.1874996310198516,0.16220753577192903
500100064,500100020,0.013079768580601302,0.23131623931623932,0.216834008097166,0.22101963974203065
