QUESTIONNAIRE_ID,ASW_BLEU_SCORE_MEAN,ASW_BLEU_SCORE_VAR,QST_BLEU_SCORE_MEAN,QST_BLEU_SCORE_VAR
1146002,,,,
1146004,,,,
1173001,0.04136997123398925,0.0067389309221105725,0.26395160603947093,0.011902264390716207
1173002,,,,
1173003,,,,
1173004,,,,
1173005,,,,
1213249,,,,
1433792,,,,
5100002,,,,
5100003,,,,
500000002,,,,
500000003,0.0,0.0,0.03392996871963137,0.0005135612759447549
500000005,,,,
