QUESTIONNAIRE_ID,ASW_ROUGE_SCORE_MEAN,ASW_ROUGE_SCORE_VAR,QST_ROUGE_SCORE_MEAN,QST_ROUGE_SCORE_VAR
1146002,,,,
1146004,,,,
1173001,0.1111111111111111,0.04861111111111111,0.47632850241545904,0.03718826577049641
1173002,,,,
1173003,,,,
1173004,,,,
1173005,,,,
1213249,,,,
1433792,,,,
5100002,,,,
5100003,,,,
500000002,,,,
500000003,0.0,0.0,0.10644399460188929,0.0057351510979254386
500000005,,,,
