QUESTIONNAIRE_ID,BLEU_SCORE,ROUGE_L_PRECISION,ROUGE_L_RECALL,ROUGE_L_F1
1173005,0.007096119732625678,0.16177248677248676,0.16177248677248676,0.159394863971523
1213249,0.00683802189032579,0.3333333333333333,0.3333333333333333,0.25
500100043,0.041862469046423656,0.3995959595959596,0.39959595959595956,0.3861681643915527
