QUESTIONNAIRE_ID,VARIABILITY
1173002,0.5714285714285714
1173005,0.5
1213249,1.0
500000003,0.6666666666666666
500100009,0.5
500100010,0.5714285714285714
500100024,0.6
500100029,0.6
500100043,0.6
