QUESTIONNAIRE_ID,SERENDIPITY_SCORE
1173002,0.2857142857142857
1173005,0.0
1213249,1.0
500000003,0.6666666666666666
500100009,1.0
500100010,1.0
500100024,0.6
500100029,0.8
500100043,0.8
