QUESTIONNAIRE_ID,BLEU_SCORE,ROUGE_L_PRECISION,ROUGE_L_RECALL,ROUGE_L_F1
1173005,0.043403441097222044,0.4618055555555555,0.4618055555555555,0.4541666666666668
500000005,0.014005083715934744,0.27878787878787875,0.27878787878787875,0.27465149802611105
500100024,0.0992531562898753,0.4191017316017316,0.4191017316017316,0.4085769980506823
500100025,0.0992531562898753,0.4191017316017316,0.4191017316017316,0.4085769980506823
500100026,0.0992531562898753,0.4191017316017316,0.4191017316017316,0.4085769980506823
500100028,0.0973276320406314,0.5208333333333331,0.5208333333333333,0.520421607378129
500100048,0.020468150500892745,0.2771464646464646,0.2771464646464646,0.2719260409477801
500100049,0.020468150500892745,0.2771464646464646,0.2771464646464646,0.2719260409477801
500100050,0.020468150500892745,0.2771464646464646,0.2771464646464646,0.2719260409477801
