QUESTIONNAIRE_ID,BLEU_SCORE,ROUGE_L_PRECISION,ROUGE_L_RECALL,ROUGE_L_F1
500100059,0.015566038388295681,0.34609508138919903,0.34609508138919903,0.33023685309745454
