QUESTIONNAIRE_ID,SAMPLE_QUESTIONNAIRE_ID,BLEU_SCORE,ROUGE_L_PRECISION,ROUGE_L_RECALL,ROUGE_L_F1
500100059,500100035,0.005032993308820457,0.1633562515915457,0.15551022273711348,0.1553023864572302
