QUESTIONNAIRE_ID,BLEU_SCORE,ROUGE_L_PRECISION,ROUGE_L_RECALL,ROUGE_L_F1
1173002,0.0066951446237976135,0.17944775132275134,0.17944775132275134,0.17332423869037142
500100007,0.013805036943266673,0.3333333333333333,0.3333333333333333,0.3333333333333333
500100014,0.0021617983768825394,0.08683610296513522,0.08683610296513522,0.07855301572817927
500100023,0.008818761613743146,0.2255244755244755,0.22552447552447555,0.22483091787439613
500100028,0.01925183359242486,0.4240530303030303,0.42405303030303027,0.4164685287873693
500100029,0.02213810834144897,0.3619047619047619,0.36190476190476195,0.3583333333333334
500100060,0.007947202882502669,0.2850274725274725,0.2850274725274725,0.28378033205619413
