QUESTIONNAIRE_ID,BLEU_SCORE,ROUGE_L_PRECISION,ROUGE_L_RECALL,ROUGE_L_F1
500000003,0.052532310593174016,0.3621198830409356,0.3621198830409357,0.34721674029563426
500000005,0.032455597909641296,0.41398809523809516,0.41398809523809527,0.39357309357309356
500100006,0.3535813435710944,0.7585470085470085,0.7585470085470086,0.7581481481481481
500100013,0.1849492468715585,0.5003874883286648,0.5003874883286648,0.4837721503356178
500100038,0.05504756382575632,0.3582413200834254,0.35824132008342535,0.3508280053749769
500100059,0.027513080318819102,0.34206887883358467,0.34206887883358467,0.3355340148666066
