QUESTIONNAIRE_ID,BLEU_SCORE,ROUGE_L_PRECISION,ROUGE_L_RECALL,ROUGE_L_F1
1213249,0.011935465751552406,0.3708791208791209,0.3708791208791209,0.3703703703703704
500100030,0.012398340196317007,0.1571428571428571,0.15714285714285717,0.15315934065934064
