QUESTIONNAIRE_ID,VARIABILITY
1173003,0.75
1173004,1.0
1173005,0.75
500100016,0.8
500100020,0.6
500100022,0.7142857142857143
500100028,0.5
500100035,0.5714285714285714
500100047,0.75
500100049,0.8
500100050,1.0
500100056,1.0
