QUESTIONNAIRE_ID,SAMPLE_QUESTIONNAIRE_ID,BLEU_SCORE,ROUGE_L_PRECISION,ROUGE_L_RECALL,ROUGE_L_F1
1173004,5100003,0.0044392574536076534,0.09333721833721835,0.10539321789321789,0.09555530948837586
1173005,500100027,0.009649206637026083,0.18790849673202611,0.19695594438241495,0.18758115436911793
500100016,500100008,0.01573987603830238,0.1748253968253968,0.14652271958940313,0.14619080132273987
500100020,1173005,0.0037594768363248057,0.09357142857142856,0.09142857142857141,0.0887091503267974
500100022,500000005,0.004441424135705271,0.07608225108225108,0.11646258503401359,0.08815064082162913
500100035,500100039,0.004207593699439334,0.07965662455458372,0.07357294818900151,0.07373000415827123
500100050,500100036,0.006440563776188062,0.1887973137973138,0.14971153846153845,0.16360648766290212
