QUESTIONNAIRE_ID,BLEU_SCORE,ROUGE_L_PRECISION,ROUGE_L_RECALL,ROUGE_L_F1
500100063,0.03915437290780537,0.38021367521367516,0.3802136752136752,0.375108434238869
