QUESTIONNAIRE_ID,SAMPLE_QUESTIONNAIRE_ID,BLEU_SCORE,ROUGE_L_PRECISION,ROUGE_L_RECALL,ROUGE_L_F1
500100063,500100025,0.005893348187673913,0.168349358974359,0.14970325118351432,0.15171900619280027
