QUESTIONNAIRE_ID,VARIABILITY
5100002,0.6
500100007,0.6
500100020,0.8
500100022,0.4
500100024,1.0
500100025,1.0
500100026,1.0
500100031,0.4
500100034,0.3333333333333333
500100037,0.75
500100038,0.5
500100041,0.6666666666666666
500100043,1.0
500100050,0.75
500100063,0.4
