QUESTIONNAIRE_ID,BLEU_SCORE,ROUGE_L_PRECISION,ROUGE_L_RECALL,ROUGE_L_F1
1146004,0.03848994128722713,0.22558404558404563,0.22558404558404557,0.21158436793111715
1213249,0.011107014501977744,0.22476190476190477,0.22476190476190472,0.2132434232434232
500000003,0.03430942704550544,0.23333333333333336,0.23333333333333336,0.23240740740740748
