QUESTIONNAIRE_ID,BLEU_SCORE,ROUGE_L_PRECISION,ROUGE_L_RECALL,ROUGE_L_F1
1173001,0.004568252019922234,0.13357142857142856,0.13357142857142856,0.12563025210084033
1173002,0.005303961913136162,0.1284676434676435,0.1284676434676435,0.12497545712191022
1173004,0.028025953239532435,0.1830952380952381,0.18309523809523812,0.1815268065268065
5100002,0.01461972548008564,0.319212962962963,0.319212962962963,0.31756679279899097
