QUESTIONNAIRE_ID,BLEU_SCORE,ROUGE_L_PRECISION,ROUGE_L_RECALL,ROUGE_L_F1
1146004,0.007850969668175698,0.20833333333333331,0.20833333333333331,0.20118149824032178
1173001,0.04811139437583915,0.16428571428571428,0.16428571428571428,0.15858877964141121
1433792,0.00693706805402768,0.1798611111111111,0.1798611111111111,0.1702770562770563
5100003,0.006185881185186689,0.15416666666666667,0.15416666666666665,0.1527777777777778
500000002,0.07189334669116268,0.2368797868797869,0.23687978687978686,0.23502622498274675
