QUESTIONNAIRE_ID,SAMPLE_QUESTIONNAIRE_ID,BLEU_SCORE,ROUGE_L_PRECISION,ROUGE_L_RECALL,ROUGE_L_F1
1146004,1213249,0.0037528834396844063,0.06166666666666666,0.07291666666666666,0.06274131274131275
1213249,1146004,0.0,0.010748299319727891,0.08571428571428572,0.018877551020408164
500000003,1146004,0.0,0.014285714285714287,0.02976190476190476,0.019132653061224494
