QUESTIONNAIRE_ID,BLEU_SCORE,ROUGE_L_PRECISION,ROUGE_L_RECALL,ROUGE_L_F1
1173004,0.0053870274073136255,0.14267676767676768,0.14267676767676768,0.1404895383390007
1213249,0.004998418607555372,0.12549019607843137,0.12549019607843137,0.125
500100020,0.0033476172413247564,0.09692982456140349,0.09692982456140349,0.09588788493453808
500100030,0.007124474608639746,0.17435897435897438,0.17435897435897438,0.16527677890378123
500100039,0.0051074658664663234,0.15608465608465608,0.15608465608465608,0.15476190476190477
500100046,0.009444550466031243,0.20873015873015868,0.20873015873015874,0.20853858784893264
500100059,0.005044051414592192,0.15177224736048267,0.15177224736048267,0.15026123301985372
