QUESTIONNAIRE_ID,VARIABILITY
1173005,1.0
1213249,1.0
500000003,1.0
500000005,0.6
500100009,0.2857142857142857
500100012,0.6
500100014,0.375
500100047,1.0
500100051,1.0
500100052,1.0
500100054,1.0
500100055,1.0
500100063,0.3333333333333333
