QUESTIONNAIRE_ID,BLEU_SCORE,ROUGE_L_PRECISION,ROUGE_L_RECALL,ROUGE_L_F1
1213249,0.015889518061684735,0.26666666666666666,0.26666666666666666,0.25
500000005,0.04215884391018457,0.27222222222222225,0.27222222222222225,0.26816239316239315
