QUESTIONNAIRE_ID,BLEU_SCORE,ROUGE_L_PRECISION,ROUGE_L_RECALL,ROUGE_L_F1
1173004,0.02436337418438689,0.3011695906432749,0.30116959064327486,0.27316948284690223
1173005,0.004979897357936343,0.14574915824915827,0.14574915824915824,0.13108536078795432
1213249,0.007467184846520351,0.19090909090909092,0.19090909090909092,0.1904761904761905
500000005,0.0034201822825118966,0.11319444444444444,0.11319444444444444,0.11102941176470589
