QUESTIONNAIRE_ID,BLEU_SCORE,ROUGE_L_PRECISION,ROUGE_L_RECALL,ROUGE_L_F1
1173004,0.007868650476859048,0.17129629629629628,0.17129629629629628,0.16778711484593836
1213249,0.036422822359756,0.5555555555555556,0.5555555555555556,0.5333333333333333
