QUESTIONNAIRE_ID,SAMPLE_QUESTIONNAIRE_ID,BLEU_SCORE,ROUGE_L_PRECISION,ROUGE_L_RECALL,ROUGE_L_F1
1173004,500000005,0.021412329550808396,0.13888888888888887,0.24317460317460318,0.17403413293506173
1213249,1146004,0.0,0.019841269841269844,0.14285714285714285,0.0346938775510204
