QUESTIONNAIRE_ID,SAMPLE_QUESTIONNAIRE_ID,BLEU_SCORE,ROUGE_L_PRECISION,ROUGE_L_RECALL,ROUGE_L_F1
1213249,500100020,0.007265730782304927,0.23626373626373626,0.20033063427800268,0.2152707621859457
500100030,1146004,0.0,0.0,0.0,0.0
