QUESTIONNAIRE_ID,BLEU_SCORE,ROUGE_L_PRECISION,ROUGE_L_RECALL,ROUGE_L_F1
500100020,0.0064683351454204825,0.1485042735042735,0.1485042735042735,0.14833333333333334
500100032,0.011179435963905965,0.29976851851851855,0.29976851851851855,0.29278711484593833
500100046,0.006002865294869695,0.20875420875420878,0.20875420875420878,0.20128205128205126
500100060,0.005151652293320149,0.13795877325289088,0.13795877325289088,0.1367063492063492
500100061,0.005044051414592192,0.15540158371040724,0.15540158371040724,0.15381400208986415
