QUESTIONNAIRE_ID,BLEU_SCORE,ROUGE_L_PRECISION,ROUGE_L_RECALL,ROUGE_L_F1
1146004,0.018742714316145742,0.34027777777777773,0.34027777777777773,0.3333333333333333
1173004,0.00957593790405257,0.23148148148148148,0.23148148148148148,0.2309368191721133
1213249,0.01498684545498982,0.2727272727272727,0.2727272727272727,0.2727272727272727
500000002,0.01698621006717496,0.31249999999999994,0.3125,0.3095238095238096
