QUESTIONNAIRE_ID,BLEU_SCORE,ROUGE_L_PRECISION,ROUGE_L_RECALL,ROUGE_L_F1
1146004,0.005081661202156896,0.1574074074074074,0.1574074074074074,0.14833333333333334
1173004,0.012835959489086475,0.21225071225071226,0.21225071225071224,0.20773448773448777
1213249,0.007866387892888349,0.3571428571428571,0.3571428571428571,0.34285714285714286
1433792,0.005462066547287294,0.15576923076923077,0.1557692307692308,0.15257755737515855
500100010,0.004820005927591405,0.14434682964094728,0.14434682964094728,0.1424700460829493
500100011,0.0019504338645720705,0.10822510822510822,0.10822510822510822,0.10666666666666667
500100037,0.005911423358571232,0.1967846967846968,0.19678469678469676,0.1913336261162348
500100059,0.005092253551543262,0.17310924369747901,0.17310924369747901,0.16636798088410992
500100062,0.0038074360803681054,0.1248015873015873,0.1248015873015873,0.12225705329153604
