QUESTIONNAIRE_ID,SAMPLE_QUESTIONNAIRE_ID,BLEU_SCORE,ROUGE_L_PRECISION,ROUGE_L_RECALL,ROUGE_L_F1
1146004,500100012,0.006738291406393395,0.18564814814814815,0.19555555555555554,0.18452240176107843
1173004,500100038,0.002329864047110052,0.06664631664631664,0.047833827017397,0.05395999894055378
1213249,1173003,0.005930920920234942,0.1369047619047619,0.24056036556036556,0.1692542471849693
1433792,500100010,0.006153248464520488,0.20769230769230768,0.18452939761763293,0.188217149478454
500100010,500100043,0.006584489618081959,0.1690603514132926,0.18114285714285713,0.17004389750652263
500100011,500100057,0.005045724729235311,0.14100185528756956,0.15443422492294673,0.1441789771015008
500100037,1146002,0.003390557769670833,0.09730216873074016,0.08327108621226267,0.08876048542370912
500100059,500100054,0.008360536728743552,0.1716686674669868,0.18682049247593543,0.1689314233509979
500100062,500000002,0.0014135423241799152,0.022371031746031746,0.02826473295223295,0.024162993792093718
