QUESTIONNAIRE_ID,BLEU_SCORE,ROUGE_L_PRECISION,ROUGE_L_RECALL,ROUGE_L_F1
500100034,0.05042882811331428,0.33399572649572645,0.33399572649572645,0.32970353108998957
500100066,0.09667552242532645,0.31877805836139167,0.3187780583613916,0.31513446498318093
