QUESTIONNAIRE_ID,SAMPLE_QUESTIONNAIRE_ID,BLEU_SCORE,ROUGE_L_PRECISION,ROUGE_L_RECALL,ROUGE_L_F1
500100034,500100053,0.017334956625193642,0.14608707264957266,0.131661619326093,0.13365779759725613
500100066,500100013,0.0148723217395559,0.1698597081930415,0.17295482295482295,0.16857704562882495
