QUESTIONNAIRE_ID,BLEU_SCORE,ROUGE_L_PRECISION,ROUGE_L_RECALL,ROUGE_L_F1
500100054,0.24758701617282086,0.5771361574933004,0.5771361574933003,0.5542493311318187
500100061,0.08169425983644803,0.27971380471380475,0.27971380471380475,0.27750719639264526
