QUESTIONNAIRE_ID,VARIABILITY
500100054,0.14285714285714285
500100061,0.16666666666666666
