QUESTIONNAIRE_ID,SAMPLE_QUESTIONNAIRE_ID,BLEU_SCORE,ROUGE_L_PRECISION,ROUGE_L_RECALL,ROUGE_L_F1
500100054,500100027,0.006414499239146301,0.19491887664156576,0.1763330040640965,0.17907410734391968
500100061,500100027,0.009914418845155757,0.19138938403644282,0.17992897625250565,0.18196442744199906
