EXPERIMENT_ID,AVG_QST_TYPE_VARIABILITY
0s_FULL_mistral-7x22B_4000MT_0.5T_0.9FP,0.31284893267651886
0s_FULL_mistral-7x22B_4000MT_0T_0.9FP,0.26474654377880186
0s_mistral-7x22B_4000MT_0.5T_0.9FP,0.3861111111111111
0s_mistral-7x22B_4000MT_0T_0.9FP,0.20833333333333334
1s_FULL_mistral-7x22B_4000MT_0.5T_0.9FP,0.1666666666666666
1s_FULL_mistral-7x22B_4000MT_0T_0.9FP,0.1428571428571428
