EXPERIMENT_ID,ASW_BLEU_SCORE,ASW_ROUGE_L_F1_SCORE,QST_BLEU_SCORE,QST_ROUGE_L_F1_SCORE
0s_FULL_mistral-7x22B_4000MT_0.5T_0.9FP,0.058022572404927635,0.10390201712717691,0.16479507091959555,0.32681897496758877
0s_FULL_mistral-7x22B_4000MT_0T_0.9FP,0.08155905839225819,0.11357273676293347,0.17857593964047774,0.3294890856627183
0s_mistral-7x22B_4000MT_0.5T_0.9FP,0.10425306643495698,0.15206272069012786,0.19818136003180908,0.36869292507693086
0s_mistral-7x22B_4000MT_0T_0.9FP,0.07545829661087963,0.11381630714964046,0.21890318894612001,0.4233230567630068
1s_FULL_mistral-7x22B_4000MT_0.5T_0.9FP,0.1666666666666666,0.2777777777777777,0.351456976484346,0.533863539610666
1s_FULL_mistral-7x22B_4000MT_0T_0.9FP,0.0,0.0,0.195927102782047,0.3385762891723621
