QUESTIONNAIRE_ID,BLEU_SCORE,ROUGE_L_PRECISION,ROUGE_L_RECALL,ROUGE_L_F1
500100020,0.01709794722228618,0.17621933621933625,0.1762193362193362,0.16955905205905206
