QUESTIONNAIRE_ID,QUESTION_ID,ID,GENERATED,GROUND_TRUTH,RL_F1_SCORE,RL_F1_SCORE_MEAN,RL_F1_SCORE_VAR
500100020,0.0,0,Yes,Yes,1.0,0.5,0.5
500100020,0.0,1,No,No,1.0,0.5,0.5
500100020,1.0,0,Yes,"Yes, always",0.6666666666666666,0.3333333333333333,0.14814814814814814
500100020,1.0,1,No,"No, never",0.6666666666666666,0.29166666666666663,0.11805555555555557
500100020,2.0,0,Excellent,"Yes, always",0.0,0.0,0.0
500100020,2.0,1,Good,"Yes, always",0.0,0.0,0.0
500100020,2.0,2,Fair,"Yes, always",0.0,0.0,0.0
500100020,2.0,3,Poor,"Yes, always",0.0,0.0,0.0
