QUESTIONNAIRE_ID,SERENDIPITY_SCORE
1173003,1.0
1173005,0.5
1213249,1.0
5100003,1.0
500000005,1.0
500100012,1.0
500100020,0.8
500100027,0.7142857142857143
500100030,1.0
500100034,1.0
500100035,1.0
500100036,1.0
500100049,0.8333333333333334
