QUESTIONNAIRE_ID,SERENDIPITY_SCORE
1173003,0.8333333333333334
1173005,0.0
1213249,1.0
5100003,0.7142857142857143
500000005,1.0
500100012,0.6
500100020,0.6
500100027,0.42857142857142855
500100030,1.0
500100034,1.0
500100035,1.0
500100036,1.0
500100049,0.8333333333333334
