QUESTIONNAIRE_ID,VARIABILITY
1213249,0.75
500000002,0.3333333333333333
500000005,0.6666666666666666
500100008,0.3333333333333333
500100013,1.0
500100014,1.0
500100028,0.6666666666666666
500100037,0.3333333333333333
500100046,0.5
500100047,0.6666666666666666
500100051,0.3333333333333333
