QUESTIONNAIRE_ID,BLEU_SCORE,ROUGE_L_PRECISION,ROUGE_L_RECALL,ROUGE_L_F1
500100043,0.040179571011823595,0.3460295656724228,0.3460295656724228,0.3402920720104985
500100062,0.04337402442744313,0.20807005494505493,0.20807005494505496,0.2066476627812032
