QUESTIONNAIRE_ID,SAMPLE_QUESTIONNAIRE_ID,BLEU_SCORE,ROUGE_L_PRECISION,ROUGE_L_RECALL,ROUGE_L_F1
500100043,500100025,0.015237132012141077,0.20200974620617476,0.17621882086167798,0.18036336025843405
500100062,500100052,0.01663432294524444,0.1393151491365777,0.15097887231815804,0.14064514180086837
