QUESTIONNAIRE_ID,BLEU_SCORE,ROUGE_L_PRECISION,ROUGE_L_RECALL,ROUGE_L_F1
1146004,0.03806008191453937,0.5486538461538462,0.5486538461538462,0.5174309856100139
500000002,0.09789746808948653,0.3596153846153846,0.3596153846153846,0.3540197188432483
500100006,0.011994153083607934,0.32142857142857145,0.32142857142857145,0.3179193899782134
500100007,0.0326983125189758,0.2696296296296296,0.2696296296296296,0.26491204243526223
