QUESTIONNAIRE_ID,VARIABILITY
1146004,0.2
500000002,0.16666666666666666
500100006,1.0
500100007,0.16666666666666666
