QUESTIONNAIRE_ID,BLEU_SCORE,ROUGE_L_PRECISION,ROUGE_L_RECALL,ROUGE_L_F1
1173004,0.005167537434423389,0.19348244348244348,0.19348244348244348,0.18847701149425286
1173005,0.007284116895503679,0.13318070818070818,0.13318070818070818,0.13018598134921552
1213249,0.004998418607555372,0.12549019607843137,0.12549019607843137,0.125
500100013,0.005337347764690698,0.2388001253132832,0.2388001253132832,0.20197483675744543
500100021,0.010863595757739888,0.183439367649894,0.183439367649894,0.18083613916947253
500100040,0.0032647282766201263,0.08227513227513228,0.08227513227513227,0.08101322145944571
