QUESTIONNAIRE_ID,BLEU_SCORE,ROUGE_L_PRECISION,ROUGE_L_RECALL,ROUGE_L_F1
1146004,0.009817463633251896,0.27146464646464646,0.27146464646464646,0.26498855835240276
1173004,0.015298184500734334,0.2106060606060606,0.2106060606060606,0.2077415761626288
1213249,0.00820793188561407,0.2111111111111111,0.2111111111111111,0.2105263157894737
