QUESTIONNAIRE_ID,SERENDIPITY_SCORE
1146002,0.7142857142857143
1146004,0.42857142857142855
1173001,0.9
1173002,0.1
1173003,0.8333333333333334
1173004,1.0
1173005,0.5
1213249,1.0
1433792,0.8
5100002,0.9
5100003,0.75
500000002,0.6428571428571429
500000003,0.5
500000005,1.0
