QUESTIONNAIRE_ID,BLEU_SCORE,ROUGE_L_PRECISION,ROUGE_L_RECALL,ROUGE_L_F1
500100009,0.1581948742046783,0.489016439909297,0.4890164399092971,0.471049896001879
500100033,0.03531399855336516,0.35862708719851577,0.35862708719851577,0.3496019656789227
