QUESTIONNAIRE_ID,VARIABILITY
500100009,0.14285714285714285
500100033,0.14285714285714285
