QUESTIONNAIRE_ID,SAMPLE_QUESTIONNAIRE_ID,BLEU_SCORE,ROUGE_L_PRECISION,ROUGE_L_RECALL,ROUGE_L_F1
500100009,500100027,0.0074073150306572895,0.14087134853941577,0.20792039426493208,0.16350397550965642
500100033,500100037,0.0012299347340286341,0.08191536354801662,0.053354029757090984,0.06175495883984235
