ID,GENERATED,GROUND_TRUTH,R1_PRECISION,R1_RECALL,R1_F1_SCORE,R2_PRECISION,R2_RECALL,R2_F1_SCORE,RL_PRECISION,RL_RECALL,RL_F1_SCORE
0,How do you currently prioritize your tasks and responsibilities?,How long have you been with the company?,0.2222222222222222,0.25,0.23529411764705882,0.0,0.0,0.0,0.2222222222222222,0.25,0.23529411764705882
0,How do you currently prioritize your tasks and responsibilities?,"How would you rate the workload management within your team? (1 being very poor, 10 being excellent)",0.3333333333333333,0.17647058823529413,0.23076923076923078,0.0,0.0,0.0,0.3333333333333333,0.17647058823529413,0.23076923076923078
0,How do you currently prioritize your tasks and responsibilities?,Do you feel that you have a manageable workload considering your role and responsibilities?,0.5555555555555556,0.35714285714285715,0.43478260869565216,0.25,0.15384615384615385,0.1904761904761905,0.5555555555555556,0.35714285714285715,0.43478260869565216
0,How do you currently prioritize your tasks and responsibilities?,How often do you feel overwhelmed by your workload?,0.4444444444444444,0.4444444444444444,0.4444444444444444,0.125,0.125,0.125,0.4444444444444444,0.4444444444444444,0.4444444444444444
0,How do you currently prioritize your tasks and responsibilities?,I believe that my manager/team leader effectively delegates tasks and responsibilities.,0.3333333333333333,0.25,0.28571428571428575,0.25,0.18181818181818182,0.2105263157894737,0.3333333333333333,0.25,0.28571428571428575
0,How do you currently prioritize your tasks and responsibilities?,What improvements would you suggest to better manage workloads within the company?,0.1111111111111111,0.08333333333333333,0.09523809523809525,0.0,0.0,0.0,0.1111111111111111,0.08333333333333333,0.09523809523809525
