QUESTIONNAIRE_ID,SERENDIPITY_SCORE
1433792,1.0
5100003,1.0
500100004,1.0
500100006,1.0
500100008,1.0
500100009,1.0
500100010,1.0
500100012,1.0
500100013,0.6
500100019,1.0
500100021,1.0
500100023,0.6666666666666666
500100024,0.6666666666666666
500100025,0.6666666666666666
500100026,0.6666666666666666
500100034,1.0
500100035,1.0
500100036,1.0
500100037,0.75
500100038,1.0
500100043,1.0
500100044,0.3333333333333333
500100045,1.0
