QUESTIONNAIRE_ID,BLEU_SCORE,ROUGE_L_PRECISION,ROUGE_L_RECALL,ROUGE_L_F1
1173004,0.5502922236857601,0.6675175669740887,0.6675175669740887,0.6668722376400452
