QUESTIONNAIRE_ID,BLEU_SCORE,ROUGE_L_PRECISION,ROUGE_L_RECALL,ROUGE_L_F1
1173001,0.02524147167288258,0.3303988359135418,0.3303988359135418,0.31260323606189927
500100036,0.1422886987663025,0.4359797900266719,0.43597979002667203,0.42214746550372717
500100042,0.4409792241680697,0.7201881451881451,0.7201881451881452,0.7173088847098509
500100046,0.08664025628439444,0.3845091066729722,0.3845091066729722,0.3754558856649286
500100057,0.109471197433174,0.3629747357020084,0.3629747357020084,0.341021570927712
500100058,0.07184503721199853,0.3665593665593665,0.3665593665593665,0.3584143366027424
