QUESTIONNAIRE_ID,SAMPLE_QUESTIONNAIRE_ID,BLEU_SCORE,ROUGE_L_PRECISION,ROUGE_L_RECALL,ROUGE_L_F1
1173001,500100060,0.016893877455775395,0.17494686297207304,0.17182143253571824,0.1651003805232934
500100036,500100054,0.006185436587225722,0.15343525110063305,0.17579363563111755,0.15190216518399308
500100042,1213249,0.003961688005918442,0.10350066600066601,0.10416666666666667,0.10365607580824972
500100046,500100054,0.014628802274474637,0.16214981663661135,0.1811299712808142,0.16090494843856779
500100057,1173004,0.005915456940080447,0.16247548747548746,0.14351851851851852,0.14692996187485782
500100058,500100027,0.00653627909041542,0.1571231056525174,0.17584082584082583,0.16229180921345618
