QUESTIONNAIRE_ID,VARIABILITY
1173003,0.5
1173005,0.5
1213249,1.0
5100003,0.42857142857142855
500000005,0.6
500100012,0.6
500100020,0.6
500100027,0.42857142857142855
500100030,0.5
500100034,0.5
500100035,0.5
500100036,0.42857142857142855
500100049,0.6666666666666666
