ID,GENERATED,GROUND_TRUTH,R1_PRECISION,R1_RECALL,R1_F1_SCORE,R2_PRECISION,R2_RECALL,R2_F1_SCORE,RL_PRECISION,RL_RECALL,RL_F1_SCORE
0,What are your strengths as a manager?,Soft Skill first impression,0.0,0.0,0.0,0.0,0.0,0.0,0.0,0.0,0.0
0,What are your strengths as a manager?,What are the areas I would like you to be focused in the next months,0.2857142857142857,0.13333333333333333,0.18181818181818182,0.16666666666666666,0.07142857142857142,0.1,0.2857142857142857,0.13333333333333333,0.18181818181818182
0,What are your strengths as a manager?,What are the areas I would like you to improve,0.2857142857142857,0.2,0.23529411764705882,0.16666666666666666,0.1111111111111111,0.13333333333333333,0.2857142857142857,0.2,0.23529411764705882
1,What are the areas you would like to improve as a manager?,Soft Skill first impression,0.0,0.0,0.0,0.0,0.0,0.0,0.0,0.0,0.0
1,What are the areas you would like to improve as a manager?,What are the areas I would like you to be focused in the next months,0.6666666666666666,0.5333333333333333,0.5925925925925926,0.36363636363636365,0.2857142857142857,0.32,0.5833333333333334,0.4666666666666667,0.5185185185185186
1,What are the areas you would like to improve as a manager?,What are the areas I would like you to improve,0.75,0.9,0.8181818181818182,0.45454545454545453,0.5555555555555556,0.5,0.6666666666666666,0.8,0.7272727272727272
2,How do you motivate your team members?,Soft Skill first impression,0.0,0.0,0.0,0.0,0.0,0.0,0.0,0.0,0.0
2,How do you motivate your team members?,What are the areas I would like you to be focused in the next months,0.14285714285714285,0.06666666666666667,0.09090909090909091,0.0,0.0,0.0,0.14285714285714285,0.06666666666666667,0.09090909090909091
2,How do you motivate your team members?,What are the areas I would like you to improve,0.14285714285714285,0.1,0.11764705882352941,0.0,0.0,0.0,0.14285714285714285,0.1,0.11764705882352941
