ID,GENERATED,GROUND_TRUTH,R1_PRECISION,R1_RECALL,R1_F1_SCORE,R2_PRECISION,R2_RECALL,R2_F1_SCORE,RL_PRECISION,RL_RECALL,RL_F1_SCORE
0,Did the training meet your expectations?,How would you judge the effectiveness of the Training on the employee?,0.3333333333333333,0.16666666666666666,0.2222222222222222,0.2,0.09090909090909091,0.12500000000000003,0.3333333333333333,0.16666666666666666,0.2222222222222222
0,Did the training meet your expectations?,Additional comments,0.0,0.0,0.0,0.0,0.0,0.0,0.0,0.0,0.0
1,What could be improved in the training?,How would you judge the effectiveness of the Training on the employee?,0.2857142857142857,0.16666666666666666,0.2105263157894737,0.16666666666666666,0.09090909090909091,0.11764705882352942,0.2857142857142857,0.16666666666666666,0.2105263157894737
1,What could be improved in the training?,Additional comments,0.0,0.0,0.0,0.0,0.0,0.0,0.0,0.0,0.0
