QUESTIONNAIRE_ID,BLEU_SCORE,ROUGE_L_PRECISION,ROUGE_L_RECALL,ROUGE_L_F1
1146004,0.008859701841415832,0.2546626984126984,0.2546626984126984,0.24753572880507865
500000003,0.02773436227027289,0.335978835978836,0.335978835978836,0.32884615384615384
