QUESTIONNAIRE_ID,BLEU_SCORE,ROUGE_L_PRECISION,ROUGE_L_RECALL,ROUGE_L_F1
1173004,0.005691477845841641,0.11706349206349205,0.11706349206349205,0.11507936507936507
1433792,0.021330890804743968,0.3958333333333333,0.3958333333333333,0.3814102564102564
