QUESTIONNAIRE_ID,BLEU_SCORE,ROUGE_L_PRECISION,ROUGE_L_RECALL,ROUGE_L_F1
1146002,0.03535127952992143,0.3523809523809524,0.3523809523809524,0.3356254856254856
1173003,0.005994863907849864,0.1461489898989899,0.14614898989898992,0.14417030902538147
1173004,0.011011689729179895,0.30949074074074073,0.30949074074074073,0.30807820204105035
1173005,0.07129970663686293,0.43928571428571433,0.4392857142857143,0.42424242424242425
