QUESTIONNAIRE_ID,ASW_ROUGE_SCORE_MEAN,ASW_ROUGE_SCORE_VAR,QST_ROUGE_SCORE_MEAN,QST_ROUGE_SCORE_VAR
1146002,,,,
1146004,0.0,0.0,0.13333333333333333,0.02666666666666666
1173001,,,,
1173002,,,,
1173003,,,,
1173004,,,,
1173005,,,,
1213249,,,,
1433792,,,,
5100002,0.3076923076923077,0.23076923076923075,0.4729102167182663,0.03199968271486532
5100003,,,,
500000002,,,,
500000003,0.0,0.0,0.22016806722689075,0.024413530117929533
500000005,,,,
