QUESTIONNAIRE_ID,SERENDIPITY_SCORE
1146002,0.75
1173002,0.16666666666666666
1173003,0.6
500100008,0.75
500100017,0.75
500100020,0.5
500100026,0.4
500100030,0.8
500100034,1.0
500100042,0.8
500100043,1.0
500100047,0.6666666666666666
500100048,1.0
500100050,0.75
500100052,1.0
500100061,1.0
