QUESTIONNAIRE_ID,SERENDIPITY_SCORE
1146002,0.75
1173002,0.3333333333333333
1173003,0.6
500100008,1.0
500100017,1.0
500100020,0.8333333333333334
500100026,0.8
500100030,0.8
500100034,1.0
500100042,0.8
500100043,1.0
500100047,1.0
500100048,1.0
500100050,1.0
500100052,1.0
500100061,1.0
