QUESTIONNAIRE_ID,SAMPLE_QUESTIONNAIRE_ID,BLEU_SCORE,ROUGE_L_PRECISION,ROUGE_L_RECALL,ROUGE_L_F1
1173004,1173004,0.024653041065223508,0.20502645502645503,0.21481481481481485,0.20151389527034524
1433792,1173004,0.006393553879680857,0.2,0.1111111111111111,0.13988191089640367
