QUESTIONNAIRE_ID,ASW_BLEU_SCORE_MEAN,ASW_BLEU_SCORE_VAR,QST_BLEU_SCORE_MEAN,QST_BLEU_SCORE_VAR
1146002,,,,
1146004,,,,
1173001,0.07988319198286084,0.013874977290888926,0.15481948443339574,0.008527518310073715
1173002,,,,
1173003,,,,
1173004,,,,
1173005,,,,
1213249,,,,
1433792,,,,
5100002,,,,
5100003,,,,
500000002,,,,
500000003,,,,
500000005,,,,
