QUESTIONNAIRE_ID,ASW_ROUGE_SCORE_MEAN,ASW_ROUGE_SCORE_VAR,QST_ROUGE_SCORE_MEAN,QST_ROUGE_SCORE_VAR
1146002,,,,
1146004,,,,
1173001,0.16077441077441074,0.06470640750943778,0.3579067990832696,2.9034462593983234e-05
1173002,,,,
1173003,,,,
1173004,0.0,0.0,0.10526315789473685,0.022160664819944602
1173005,,,,
1213249,,,,
1433792,,,,
5100002,0.0,0.0,0.3015412748171369,0.0019112784967827718
5100003,,,,
500000002,,,,
500000003,,,,
500000005,,,,
