QUESTIONNAIRE_ID,FINAL_SCORE_MEAN,FINAL_SCORE_VAR,SIMILARITY_WITH_QUESTION_MEAN,SIMILARITY_WITH_QUESTION_VAR,SIMILARITY_WITH_TOPIC_MEAN,SIMILARITY_WITH_TOPIC_VAR
1146002,,,,,,
1146004,0.3333470890206655,0.006478623113373632,0.3243642786731475,0.0006145081823971702,0.42012415574034817,0.01377770345977815
1173001,,,,,,
1173002,,,,,,
1173003,,,,,,
1173004,,,,,,
1173005,,,,,,
1213249,,,,,,
1433792,,,,,,
5100002,,,,,,
5100003,,,,,,
500000002,,,,,,
500000003,,,,,,
500000005,,,,,,
