QUESTIONNAIRE_ID,BLEU_SCORE,ROUGE_L_PRECISION,ROUGE_L_RECALL,ROUGE_L_F1
500100012,0.007818398246395524,0.29068813131313137,0.2906881313131313,0.27898898954869644
500100023,0.012944031915976897,0.25944822373393805,0.259448223733938,0.25201007195892106
500100028,0.08932808448608551,0.48976210530832387,0.48976210530832376,0.48563689056818066
500100034,0.04548130482506828,0.379925074925075,0.379925074925075,0.3722943721814813
500100056,0.009505083749198031,0.32523448773448776,0.32523448773448776,0.31735049376521984
