QUESTIONNAIRE_ID,VARIABILITY
500100012,0.6
500100023,0.5714285714285714
500100028,0.5714285714285714
500100034,0.3333333333333333
500100056,0.6
