QUESTIONNAIRE_ID,SAMPLE_QUESTIONNAIRE_ID,BLEU_SCORE,ROUGE_L_PRECISION,ROUGE_L_RECALL,ROUGE_L_F1
500100012,500100025,0.008222941251502068,0.14675116550116551,0.1476754385964912,0.1397390771255514
500100023,500100006,0.015047695467253156,0.16691861929957164,0.14856087475135094,0.15281752129818588
500100028,500100027,0.01050268804319191,0.13023979645334066,0.161970918903692,0.14122596490376382
500100034,500100014,0.005027446393656659,0.1808470695970696,0.14205942205942204,0.14990070258417817
500100056,500100037,0.007807332926779487,0.17285714285714288,0.1470197263054406,0.15445189625391298
