QUESTIONNAIRE_ID,VARIABILITY
1146002,0.75
1173002,0.8333333333333334
1173003,1.0
500100008,0.75
500100017,1.0
500100020,0.8333333333333334
500100026,0.6
500100030,0.8
500100034,0.6
500100042,0.8
500100043,0.75
500100047,1.0
500100048,0.4
500100050,1.0
500100052,1.0
500100061,0.4
