EXPERIMENT_ID,AVG_QST_TYPE_VARIABILITY
0s_FULL_llama3-8b_4000MT_0.5T_0.9FP,0.751750700280112
0s_FULL_llama3-8b_4000MT_0T_0.9FP,0.7841575091575093
0s_llama3-8b_4000MT_0.5T_0.9FP,0.75
0s_llama3-8b_4000MT_0T_0.9FP,0.5984848484848485
1s_FULL_llama3-8b_4000MT_0.5T_0.9FP,0.4183673469387755
1s_FULL_llama3-8b_4000MT_0T_0.9FP,0.5352380952380952
1s_llama3-8b_4000MT_0.5T_0.9FP,0.33035714285714285
1s_llama3-8b_4000MT_0T_0.9FP,0.29166666666666663
