EXPERIMENT_ID,ASW_BLEU_SCORE,ASW_ROUGE_L_F1_SCORE,QST_BLEU_SCORE,QST_ROUGE_L_F1_SCORE
0s_FULL_llama3-8b_4000MT_0.5T_0.9FP,0.046567555383164774,0.11469759723188226,0.14960324527035535,0.33877587635887396
0s_FULL_llama3-8b_4000MT_0T_0.9FP,0.02654726217261654,0.07147147407426767,0.13646582744782562,0.3024900450369991
0s_llama3-8b_4000MT_0.5T_0.9FP,0.0948230826319778,0.1312522045855379,0.11299270736979287,0.3189749508101392
0s_llama3-8b_4000MT_0T_0.9FP,0.028633487570674923,0.03905723905723904,0.16359083694603377,0.34127828799347193
1s_FULL_llama3-8b_4000MT_0.5T_0.9FP,0.10686929801273022,0.14111456176673567,0.24038404812321,0.3999745483777031
1s_FULL_llama3-8b_4000MT_0T_0.9FP,0.21323730058030083,0.22612698412698412,0.23654838710381992,0.40654120759994894
1s_llama3-8b_4000MT_0.5T_0.9FP,0.01181602340367885,0.1036458333333333,0.278524475900489,0.45441311386330174
1s_llama3-8b_4000MT_0T_0.9FP,0.0434782608695652,0.0434782608695652,0.2373023521511397,0.38437062285172535
