ID,GENERATED,GROUND_TRUTH,R1_PRECISION,R1_RECALL,R1_F1_SCORE,R2_PRECISION,R2_RECALL,R2_F1_SCORE,RL_PRECISION,RL_RECALL,RL_F1_SCORE
0,"On a scale of 1-10, how would you rate your manager's communication skills?",Soft Skill first impression,0.06666666666666667,0.25,0.10526315789473685,0.0,0.0,0.0,0.06666666666666667,0.25,0.10526315789473685
0,"On a scale of 1-10, how would you rate your manager's communication skills?",What are the areas I would like you to be focused in the next months,0.13333333333333333,0.13333333333333333,0.13333333333333333,0.0,0.0,0.0,0.13333333333333333,0.13333333333333333,0.13333333333333333
0,"On a scale of 1-10, how would you rate your manager's communication skills?",What are the areas I would like you to improve,0.13333333333333333,0.2,0.16,0.0,0.0,0.0,0.13333333333333333,0.2,0.16
1,What is your manager's biggest strength?,Soft Skill first impression,0.0,0.0,0.0,0.0,0.0,0.0,0.0,0.0,0.0
1,What is your manager's biggest strength?,What are the areas I would like you to be focused in the next months,0.14285714285714285,0.06666666666666667,0.09090909090909091,0.0,0.0,0.0,0.14285714285714285,0.06666666666666667,0.09090909090909091
1,What is your manager's biggest strength?,What are the areas I would like you to improve,0.14285714285714285,0.1,0.11764705882352941,0.0,0.0,0.0,0.14285714285714285,0.1,0.11764705882352941
2,What is your manager's biggest weakness?,Soft Skill first impression,0.0,0.0,0.0,0.0,0.0,0.0,0.0,0.0,0.0
2,What is your manager's biggest weakness?,What are the areas I would like you to be focused in the next months,0.14285714285714285,0.06666666666666667,0.09090909090909091,0.0,0.0,0.0,0.14285714285714285,0.06666666666666667,0.09090909090909091
2,What is your manager's biggest weakness?,What are the areas I would like you to improve,0.14285714285714285,0.1,0.11764705882352941,0.0,0.0,0.0,0.14285714285714285,0.1,0.11764705882352941
