QUESTIONNAIRE_ID,SERENDIPITY_SCORE
5100002,1.0
5100003,1.0
500100002,0.5
500100004,1.0
500100006,0.75
500100009,1.0
500100010,1.0
500100012,1.0
500100019,0.8333333333333334
500100020,0.8
500100021,0.8
500100028,0.2
500100032,0.8
500100035,1.0
500100036,1.0
500100038,1.0
500100042,1.0
500100043,1.0
500100044,0.3333333333333333
500100059,1.0
