QUESTIONNAIRE_ID,SERENDIPITY_SCORE
1173002,0.42857142857142855
1173005,0.5
1213249,1.0
500000003,0.8333333333333334
500100009,1.0
500100010,1.0
500100024,1.0
500100029,1.0
500100043,1.0
