QUESTIONNAIRE_ID,VARIABILITY
1146002,1.0
1173003,0.3333333333333333
5100003,0.625
500100009,1.0
500100012,0.2
500100013,1.125
500100016,1.0
500100017,1.0
500100020,0.4
500100028,0.5714285714285714
500100031,1.0
500100032,1.0
500100033,1.0
500100039,1.0
500100043,1.0
500100044,0.4
500100062,0.125
