QUESTIONNAIRE_ID,BLEU_SCORE,ROUGE_L_PRECISION,ROUGE_L_RECALL,ROUGE_L_F1
500000005,0.009003846838119356,0.25045454545454554,0.25045454545454543,0.2391790711046331
500100047,0.05633126872974982,0.3184751400560224,0.3184751400560224,0.31747010266337294
500100055,0.009818881272980588,0.32652777777777775,0.32652777777777775,0.3171269471269472
