QUESTIONNAIRE_ID,VARIABILITY
1146004,0.16666666666666666
500000002,0.16666666666666666
500100006,0.8
500100007,0.3333333333333333
500100012,0.16666666666666666
500100037,0.2
500100047,0.2
500100051,0.25
500100052,0.25
500100053,0.4
500100054,0.25
500100055,0.2
500100063,0.16666666666666666
500100064,0.5
500100065,0.16666666666666666
500100066,0.2
