QUESTIONNAIRE_ID,VARIABILITY
1146004,0.6
500000002,0.375
500000003,0.16666666666666666
500100002,0.16666666666666666
500100006,0.8
500100007,0.16666666666666666
500100008,0.16666666666666666
500100009,0.16666666666666666
500100012,0.2
500100035,0.25
500100051,0.25
500100055,0.6
500100063,0.16666666666666666
500100064,0.16666666666666666
500100065,0.16666666666666666
500100066,0.16666666666666666
