QUESTIONNAIRE_ID,BLEU_SCORE,ROUGE_L_PRECISION,ROUGE_L_RECALL,ROUGE_L_F1
500100040,0.3909342450961958,0.62125,0.62125,0.6086656998915064
