QUESTIONNAIRE_ID,SAMPLE_QUESTIONNAIRE_ID,BLEU_SCORE,ROUGE_L_PRECISION,ROUGE_L_RECALL,ROUGE_L_F1
500100040,500100044,0.006679457584032094,0.12708333333333333,0.15903439153439158,0.13812057347811957
