QUESTIONNAIRE_ID,BLEU_SCORE,ROUGE_L_PRECISION,ROUGE_L_RECALL,ROUGE_L_F1
1173003,0.018087709151461566,0.3142676767676768,0.31426767676767675,0.31149873575018144
500100014,0.019437859190819685,0.18966400662829236,0.18966400662829233,0.17929007805625305
