QUESTIONNAIRE_ID,VARIABILITY
1173003,0.2857142857142857
500100014,0.42857142857142855
