QUESTIONNAIRE_ID,SAMPLE_QUESTIONNAIRE_ID,BLEU_SCORE,ROUGE_L_PRECISION,ROUGE_L_RECALL,ROUGE_L_F1
1173003,500100025,0.005814519672392172,0.18311948468198472,0.17288235469626448,0.17001654651902168
500100014,500100052,0.03964105201303187,0.19549880391717128,0.20467743141212524,0.19020715475146277
