QUESTIONNAIRE_ID,BLEU_SCORE,ROUGE_L_PRECISION,ROUGE_L_RECALL,ROUGE_L_F1
500000005,0.043385507158457,0.32823663604913605,0.32823663604913605,0.31543851793400857
500100008,0.24877254388881373,0.638515406162465,0.638515406162465,0.6306160999709387
