QUESTIONNAIRE_ID,SAMPLE_QUESTIONNAIRE_ID,BLEU_SCORE,ROUGE_L_PRECISION,ROUGE_L_RECALL,ROUGE_L_F1
500000005,500100066,0.006578876680747005,0.18318734836591982,0.13326129062736206,0.1442300270622973
500100008,500100030,0.003811178861512906,0.055339635854341734,0.08806818181818182,0.06712881934065193
